{"cameraMode":{"drawMode":0,"name":"Shaded","section":"Shading Mode"},"sceneLighting":false,"audioPlay":false,"sceneViewState":{"m_AlwaysRefresh":false,"showFog":true,"showSkybox":false,"showFlares":true,"showImageEffects":true,"showParticleSystems":true,"showVisualEffectGraphs":true,"m_FxEnabled":true},"in2DMode":false,"pivot":{"x":-0.42189040780067446,"y":-0.7056276202201843,"z":-5.063198089599609},"rotation":{"x":0.031873587518930438,"y":0.9422473907470703,"z":-0.31991299986839297,"w":0.0938737764954567},"size":1.038511037826538,"orthographic":false}